curso,periodo,repeticao,modelo,threshold,acuracia,f1_weighted,f1_pos,roc_auc,avg_precision,brier_pre,brier_cal,ratio_pos_weight,seed,tr_n,tr_n0,tr_n1,tr_pos_rate,va_n,va_n0,va_n1,va_pos_rate,te_n,te_n0,te_n1,te_pos_rate,f1_pos_val,w_xgb,w_lgbm,w_cat
Direito - Noturno,2,30,XGBoost,0.3333333432674408,0.8995433789954338,0.893909303954966,0.6333333333333333,0.8012718600953895,0.5699464898959052,0.11939454547582191,0.08858251903972267,5.477611940298507,1366,511,432,79,0.15459882583170254,77,65,12,0.15584415584415584,219,185,34,0.1552511415525114,0.42105263157894735,,,
Direito - Noturno,2,9,LightGBM,0.5,0.8995433789954338,0.8969413107708837,0.65625,0.8325119236883944,0.5850162865705566,0.13113544608231026,0.09031032533539983,5.477611940298507,1345,511,432,79,0.15459882583170254,77,65,12,0.15584415584415584,219,185,34,0.1552511415525114,0.47058823529411764,,,
Direito - Noturno,2,15,CatBoost,0.3333333333333333,0.8812785388127854,0.8782033672746808,0.59375,0.7935612082670906,0.5112134719423655,0.1675575439493265,0.09950376430314459,5.477611940298507,1351,511,432,79,0.15459882583170254,77,65,12,0.15584415584415584,219,185,34,0.1552511415525114,0.5454545454545454,,,
Direito - Noturno,2,30,Comite_Arvores_XGB_LGBM_CatBoost,0.17183908251496194,0.863013698630137,0.8674381893559976,0.5945945945945946,0.8447535771065182,0.6074764280062973,0.1316042391305638,0.08792588155786749,5.477611940298507,1366,511,432,79,0.15459882583170254,77,65,12,0.15584415584415584,219,185,34,0.1552511415525114,0.45454545454545453,0.3448275862066141,0.3275862068962834,0.3275862068962834
