curso,periodo,repeticao,modelo,threshold,acuracia,f1_weighted,f1_pos,roc_auc,avg_precision,brier_pre,brier_cal,ratio_pos_weight,seed,tr_n,tr_n0,tr_n1,tr_pos_rate,va_n,va_n0,va_n1,va_pos_rate,te_n,te_n0,te_n1,te_pos_rate,f1_pos_val,w_xgb,w_lgbm,w_cat
Ciências Economicas - Integral,3,2,XGBoost,0.5555555820465088,0.87,0.8707842382235913,0.7547169811320755,0.8926715176715176,0.6819839853474146,0.12494201830539811,0.10886632606074642,2.7358490566037736,1338,233,171,62,0.26609442060085836,35,26,9,0.2571428571428571,100,74,26,0.26,0.7,,,
Ciências Economicas - Integral,3,4,LightGBM,0.6153846153846154,0.88,0.8826190476190476,0.7857142857142857,0.8851351351351353,0.6836582258321388,0.0939118625397665,0.10456929261004706,2.7358490566037736,1340,233,171,62,0.26609442060085836,35,26,9,0.2571428571428571,100,74,26,0.26,0.7272727272727273,,,
Ciências Economicas - Integral,3,16,CatBoost,0.4,0.86,0.8669485294117648,0.78125,0.9165800415800416,0.6960683127102697,0.1157753434246005,0.09956195367119068,2.7358490566037736,1352,233,171,62,0.26609442060085836,35,26,9,0.2571428571428571,100,74,26,0.26,0.7,,,
Ciências Economicas - Integral,3,4,Comite_Arvores_XGB_LGBM_CatBoost,0.4494001420453172,0.88,0.8826190476190476,0.7857142857142857,0.9173596673596675,0.814753027122932,0.09515066898135748,0.09758430582949064,2.7358490566037736,1340,233,171,62,0.26609442060085836,35,26,9,0.2571428571428571,100,74,26,0.26,0.7272727272727273,0.3027522935778365,0.3486238532108421,0.3486238532108421
