curso,periodo,repeticao,modelo,threshold,acuracia,f1_weighted,f1_pos,roc_auc,avg_precision,brier_pre,brier_cal,ratio_pos_weight,seed,tr_n,tr_n0,tr_n1,tr_pos_rate,va_n,va_n0,va_n1,va_pos_rate,te_n,te_n0,te_n1,te_pos_rate,f1_pos_val,w_xgb,w_lgbm,w_cat
Ciências da Computação - Noturno,2,15,XGBoost,0.5714285969734192,0.8524590163934426,0.8445776538351273,0.8941176470588236,0.9009324009324009,0.9089745068294255,0.13121228505893906,0.11348829831355096,1.5,1351,142,51,91,0.6408450704225352,22,8,14,0.6363636363636364,61,22,39,0.639344262295082,0.8666666666666667,,,
Ciências da Computação - Noturno,2,2,LightGBM,0.8333333333333334,0.8688524590163934,0.8707724117560184,0.8918918918918919,0.9044289044289044,0.9510643956802748,0.11072594224206235,0.10917739651000266,1.5,1338,142,51,91,0.6408450704225352,22,8,14,0.6363636363636364,61,22,39,0.639344262295082,0.8888888888888888,,,
Ciências da Computação - Noturno,2,2,CatBoost,1.0,0.8852459016393442,0.8874642907266809,0.9014084507042254,0.916083916083916,0.952927659504323,0.11508222580841364,0.0954613186938867,1.5,1338,142,51,91,0.6408450704225352,22,8,14,0.6363636363636364,61,22,39,0.639344262295082,0.9230769230769231,,,
Ciências da Computação - Noturno,2,2,Comite_Arvores_XGB_LGBM_CatBoost,0.5212564825482551,0.8688524590163934,0.8707724117560184,0.8918918918918919,0.9032634032634034,0.9592094277745478,0.1122562399292481,0.10445041368375724,0.5584415584415584,1338,142,51,91,0.6408450704225352,22,8,14,0.6363636363636364,61,22,39,0.639344262295082,0.9285714285714286,0.3211344922231184,0.3330283623054561,0.34583714547105066
