curso,periodo,repeticao,modelo,threshold,acuracia,f1_weighted,f1_pos,roc_auc,avg_precision,brier_pre,brier_cal,ratio_pos_weight,seed,tr_n,tr_n0,tr_n1,tr_pos_rate,va_n,va_n0,va_n1,va_pos_rate,te_n,te_n0,te_n1,te_pos_rate,f1_pos_val,w_xgb,w_lgbm,w_cat
Ciências Biológicas - Licenciatura,2,13,XGBoost,0.20000000298023224,0.6862745098039216,0.728064198652434,0.42857142857142855,0.7340116279069767,0.3199380888719124,0.14187548913871476,0.11990969340099011,6.071428571428571,1349,117,100,17,0.1452991452991453,18,15,3,0.16666666666666666,51,43,8,0.1568627450980392,0.36363636363636365,,,
Ciências Biológicas - Licenciatura,2,26,LightGBM,0.2857142857142857,0.6862745098039216,0.725966499960308,0.38461538461538464,0.6351744186046512,0.2361111111111111,0.20613578441857786,0.12845662409847416,6.071428571428571,1362,117,100,17,0.1452991452991453,18,15,3,0.16666666666666666,51,43,8,0.1568627450980392,0.4,,,
Ciências Biológicas - Licenciatura,2,4,CatBoost,0.42857142857142855,0.803921568627451,0.8187470109995217,0.5,0.7093023255813953,0.3192401960784314,0.21145392773593713,0.1181239399534575,6.071428571428571,1340,117,100,17,0.1452991452991453,18,15,3,0.16666666666666666,51,43,8,0.1568627450980392,0.6,,,
Ciências Biológicas - Licenciatura,2,7,Comite_Arvores_XGB_LGBM_CatBoost,0.207850709327245,0.7450980392156863,0.7760835243188186,0.48,0.7630813953488371,0.4099503437738732,0.14450678741417763,0.11688804812170317,6.071428571428571,1343,117,100,17,0.1452991452991453,18,15,3,0.16666666666666666,51,43,8,0.1568627450980392,0.5454545454545454,0.2972972972970763,0.2972972972970763,0.40540540540510406
