curso,periodo,repeticao,modelo,threshold,acuracia,f1_weighted,f1_pos,roc_auc,avg_precision,brier_pre,brier_cal,ratio_pos_weight,seed,tr_n,tr_n0,tr_n1,tr_pos_rate,va_n,va_n0,va_n1,va_pos_rate,te_n,te_n0,te_n1,te_pos_rate,f1_pos_val,w_xgb,w_lgbm,w_cat
Medicina,2,1,XGBoost,0.5,0.9707446808510638,0.9660088676737394,0.47619047619047616,0.8804262036306234,0.35216257955361446,0.02924674587623258,0.026987633730436143,20.0,1337,876,843,33,0.03767123287671233,132,127,5,0.03787878787878788,376,362,14,0.03723404255319149,0.6666666666666666,,,
Medicina,2,1,LightGBM,0.3333333333333333,0.973404255319149,0.9712610084950511,0.5833333333333334,0.8954222573007103,0.5604211897524967,0.024079633981079637,0.023193454073249724,20.0,1337,876,843,33,0.03767123287671233,132,127,5,0.03787878787878788,376,362,14,0.03723404255319149,0.6666666666666666,,,
Medicina,2,1,CatBoost,0.3333333333333333,0.9680851063829787,0.9655132101940612,0.5,0.9194948697711129,0.3677389395474501,0.0327573976374992,0.02736539245324433,20.0,1337,876,843,33,0.03767123287671233,132,127,5,0.03787878787878788,376,362,14,0.03723404255319149,0.6666666666666666,,,
Medicina,2,1,Comite_Arvores_XGB_LGBM_CatBoost,0.5277777777775138,0.973404255319149,0.966197718386251,0.4444444444444444,0.9228492501973166,0.5430325220660965,0.025551151633781584,0.024684842000827514,25.571428571428573,1337,876,843,33,0.03767123287671233,132,127,5,0.03787878787878788,376,362,14,0.03723404255319149,0.8,0.3333333333331666,0.3333333333331666,0.3333333333331666
