curso,periodo,repeticao,modelo,threshold,acuracia,f1_weighted,f1_pos,roc_auc,avg_precision,brier_pre,brier_cal,ratio_pos_weight,seed,tr_n,tr_n0,tr_n1,tr_pos_rate,va_n,va_n0,va_n1,va_pos_rate,te_n,te_n0,te_n1,te_pos_rate,f1_pos_val,w_xgb,w_lgbm,w_cat
Psicologia,3,14,XGBoost,1.0,0.9090909090909091,0.9032912860664056,0.6666666666666666,0.7763157894736843,0.529768546410943,0.10373790731805686,0.09190699296635121,5.4324324324324325,1350,280,236,44,0.15714285714285714,42,35,7,0.16666666666666666,121,102,19,0.15702479338842976,0.4444444444444444,,,
Psicologia,3,19,LightGBM,1.0,0.8925619834710744,0.8913721623255991,0.6486486486486487,0.7667698658410733,0.48655460682726853,0.12038640167519035,0.1128428036260688,5.4324324324324325,1355,280,236,44,0.15714285714285714,42,35,7,0.16666666666666666,121,102,19,0.15702479338842976,0.7272727272727273,,,
Psicologia,3,22,CatBoost,1.0,0.9421487603305785,0.9365767864746336,0.7741935483870968,0.8472652218782251,0.7044367116137451,0.11190531754823933,0.054103183973313845,5.4324324324324325,1358,280,236,44,0.15714285714285714,42,35,7,0.16666666666666666,121,102,19,0.15702479338842976,0.8333333333333334,,,
Psicologia,3,19,Comite_Arvores_XGB_LGBM_CatBoost,0.5659041394333014,0.9173553719008265,0.9107880755608028,0.6875,0.8353973168214655,0.7012941248378259,0.113221346788322,0.07495312688639702,5.4324324324324325,1355,280,236,44,0.15714285714285714,42,35,7,0.16666666666666666,121,102,19,0.15702479338842976,0.8333333333333334,0.3395061728393563,0.32098765432084597,0.3395061728393563
