curso,periodo,modelo,n,f1_pos_media,f1_pos_dp,f1_pos_val_media,f1_pos_val_dp,f1_weighted_media,f1_weighted_dp,acuracia_media,acuracia_dp,roc_auc_media,roc_auc_dp,avg_precision_media,avg_precision_dp,brier_cal_media,brier_cal_dp,threshold_media,threshold_dp
Psicologia,3,XGBoost,30,0.49447775588089055,0.09687089068808759,0.6435060373853478,0.14402198934720764,0.8442700040139776,0.05449053180896107,0.8501377410468318,0.07143649611334596,0.7339869281045751,0.0577358390699646,0.4834285582623575,0.07520543674093794,0.10616359513424706,0.016735127852051314,0.5946764354904492,0.26734425592099637
Psicologia,3,LightGBM,30,0.5092625931550838,0.10766099250375022,0.6487938042349808,0.13660558379132626,0.8454957668840402,0.08531403955364864,0.8539944903581268,0.09467129629443295,0.7407550739594085,0.0577306950404748,0.4850189959898445,0.08801300879014425,0.10630710801992437,0.01889690521090336,0.6824867724867725,0.30056321067323144
Psicologia,3,CatBoost,30,0.5029089173287798,0.11302857139085197,0.6743062744877627,0.1335253017745123,0.8474378845182975,0.07315127737084598,0.8567493112947656,0.08501646996577215,0.7618077055383556,0.06011638628236324,0.5115517246777448,0.10852142108847156,0.10399553968882037,0.02007350940448248,0.6683164983164983,0.25040445918520354
Psicologia,3,Comite_Arvores_XGB_LGBM_CatBoost,30,0.498490022072726,0.11105134404694178,0.7156609578161303,0.14131470699189141,0.8482538670576591,0.05435683683395038,0.856749311294766,0.06792742702996118,0.767956656346749,0.06500980094341173,0.5699864575391922,0.09024629348485992,0.09742756081578284,0.016470597264045535,0.5059123784871639,0.21866531678620027
