curso,periodo,repeticao,modelo,threshold,acuracia,f1_weighted,f1_pos,roc_auc,avg_precision,brier_pre,brier_cal,ratio_pos_weight,seed,tr_n,tr_n0,tr_n1,tr_pos_rate,va_n,va_n0,va_n1,va_pos_rate,te_n,te_n0,te_n1,te_pos_rate,f1_pos_val,w_xgb,w_lgbm,w_cat
Sistemas de informação,2,20,XGBoost,0.7692307829856873,0.875,0.8766430738119313,0.8985507246376812,0.8861111111111111,0.9199976913578686,0.13447310096710036,0.14551979244529592,1.5,1356,130,46,84,0.6461538461538462,20,7,13,0.65,56,20,36,0.6428571428571429,0.8571428571428571,,,
Sistemas de informação,2,6,LightGBM,0.5,0.8571428571428571,0.8553139605771184,0.8918918918918919,0.8916666666666666,0.909732339095514,0.11533938488438546,0.11558832411014583,1.5,1342,130,46,84,0.6461538461538462,20,7,13,0.65,56,20,36,0.6428571428571429,0.9285714285714286,,,
Sistemas de informação,2,19,CatBoost,1.0,0.8928571428571429,0.8897243107769423,0.9210526315789473,0.8625,0.8699252136752137,0.1298200060948098,0.12114557431867672,1.5,1355,130,46,84,0.6461538461538462,20,7,13,0.65,56,20,36,0.6428571428571429,0.9166666666666666,,,
Sistemas de informação,2,6,Comite_Arvores_XGB_LGBM_CatBoost,0.5569105691054936,0.875,0.8742536002809975,0.9041095890410958,0.91875,0.9404539382857304,0.10530564120262656,0.10795145180091427,0.5492957746478874,1342,130,46,84,0.6461538461538462,20,7,13,0.65,56,20,36,0.6428571428571429,0.9629629629629629,0.3292682926828101,0.3292682926828101,0.34146341463402524
