curso,periodo,repeticao,modelo,threshold,acuracia,f1_weighted,f1_pos,roc_auc,avg_precision,brier_pre,brier_cal,ratio_pos_weight,seed,tr_n,tr_n0,tr_n1,tr_pos_rate,va_n,va_n0,va_n1,va_pos_rate,te_n,te_n0,te_n1,te_pos_rate,f1_pos_val,w_xgb,w_lgbm,w_cat
Direito - Integral,3,26,XGBoost,0.10000000894069672,0.8214285714285714,0.8456042119338124,0.3548387096774194,0.7212057236687778,0.21290604992448406,0.13710866207809075,0.07945759884077584,9.804878048780488,1362,522,474,48,0.09195402298850575,79,72,7,0.08860759493670886,224,203,21,0.09375,0.5555555555555556,,,
Direito - Integral,3,28,LightGBM,0.25,0.875,0.8837437185929649,0.44,0.7656579873328642,0.2533311798433336,0.14636641525762958,0.07555157540812348,9.804878048780488,1364,522,474,48,0.09195402298850575,79,72,7,0.08860759493670886,224,203,21,0.09375,0.18181818181818182,,,
Direito - Integral,3,16,CatBoost,0.2857142857142857,0.7946428571428571,0.8302590692296574,0.3783783783783784,0.7854797091250293,0.3108586015245943,0.17986910349637433,0.07419953846318512,9.804878048780488,1352,522,474,48,0.09195402298850575,79,72,7,0.08860759493670886,224,203,21,0.09375,0.43478260869565216,,,
Direito - Integral,3,16,Comite_Arvores_XGB_LGBM_CatBoost,0.18110883551527568,0.8214285714285714,0.8494582043343654,0.4117647058823529,0.7904058174994135,0.36168380555358737,0.1198524982743954,0.0744492323955378,9.804878048780488,1352,522,474,48,0.09195402298850575,79,72,7,0.08860759493670886,224,203,21,0.09375,0.47619047619047616,0.27111984282881935,0.3163064833002892,0.4125736738699425
