curso,periodo,repeticao,modelo,threshold,acuracia,f1_weighted,f1_pos,roc_auc,avg_precision,brier_pre,brier_cal,ratio_pos_weight,seed,tr_n,tr_n0,tr_n1,tr_pos_rate,va_n,va_n0,va_n1,va_pos_rate,te_n,te_n0,te_n1,te_pos_rate,f1_pos_val,w_xgb,w_lgbm,w_cat
Direito - Noturno,3,20,XGBoost,1.0,0.9383886255924171,0.9326724570887498,0.6976744186046512,0.8486486486486485,0.6002397651305972,0.09477485765026246,0.058109500671530936,6.867924528301887,1356,491,429,62,0.12627291242362526,74,65,9,0.12162162162162163,211,185,26,0.12322274881516587,0.8,,,
Direito - Noturno,3,20,LightGBM,0.5,0.9241706161137441,0.9161410635593724,0.6190476190476191,0.8601871101871102,0.6458467815705594,0.0903056757719854,0.06421789956164618,6.867924528301887,1356,491,429,62,0.12627291242362526,74,65,9,0.12162162162162163,211,185,26,0.12322274881516587,0.7058823529411765,,,
Direito - Noturno,3,4,CatBoost,0.6,0.9289099526066351,0.9240407138756543,0.6666666666666666,0.8949064449064449,0.6059536094980387,0.11262168529141461,0.06507238007843771,6.867924528301887,1340,491,429,62,0.12627291242362526,74,65,9,0.12162162162162163,211,185,26,0.12322274881516587,0.7058823529411765,,,
Direito - Noturno,3,5,Comite_Arvores_XGB_LGBM_CatBoost,0.2632320715813441,0.9004739336492891,0.905418404611476,0.6440677966101694,0.8705821205821207,0.6161546435030949,0.10384408123016017,0.07243718901844623,6.867924528301887,1341,491,429,62,0.12627291242362526,74,65,9,0.12162162162162163,211,185,26,0.12322274881516587,0.631578947368421,0.28750391481347576,0.36642655809560637,0.34606952709029487
