curso,periodo,repeticao,modelo,threshold,acuracia,f1_weighted,f1_pos,roc_auc,avg_precision,brier_pre,brier_cal,ratio_pos_weight,seed,tr_n,tr_n0,tr_n1,tr_pos_rate,va_n,va_n0,va_n1,va_pos_rate,te_n,te_n0,te_n1,te_pos_rate,f1_pos_val,w_xgb,w_lgbm,w_cat
Psicologia,2,12,XGBoost,0.6666666865348816,0.9112903225806451,0.9017589407412215,0.6857142857142857,0.7774064171122994,0.6022180677190668,0.13176977295277534,0.09019136999437977,4.545454545454546,1348,288,236,52,0.18055555555555555,44,36,8,0.18181818181818182,124,102,22,0.1774193548387097,0.5,,,
Psicologia,2,12,LightGBM,0.6,0.8709677419354839,0.86575682382134,0.6,0.7838680926916222,0.6207325025217446,0.13565851551070732,0.10076524965509918,4.545454545454546,1348,288,236,52,0.18055555555555555,44,36,8,0.18181818181818182,124,102,22,0.1774193548387097,0.5714285714285714,,,
Psicologia,2,12,CatBoost,0.4,0.9112903225806451,0.9043703541486754,0.7027027027027027,0.7798573975044563,0.6906857061118189,0.17563519630268068,0.08452385690273932,4.545454545454546,1348,288,236,52,0.18055555555555555,44,36,8,0.18181818181818182,124,102,22,0.1774193548387097,0.5333333333333333,,,
Psicologia,2,12,Comite_Arvores_XGB_LGBM_CatBoost,0.4089020780796395,0.9032258064516129,0.8942990464597282,0.6666666666666666,0.785204991087344,0.6789169895289437,0.13578078895840257,0.08799893942351833,4.545454545454546,1348,288,236,52,0.18055555555555555,44,36,8,0.18181818181818182,124,102,22,0.1774193548387097,0.6153846153846154,0.3115727002965417,0.3560830860531905,0.3323442136496445
