curso,periodo,modelo,n,f1_pos_media,f1_pos_dp,f1_pos_val_media,f1_pos_val_dp,f1_weighted_media,f1_weighted_dp,acuracia_media,acuracia_dp,roc_auc_media,roc_auc_dp,avg_precision_media,avg_precision_dp,brier_cal_media,brier_cal_dp,threshold_media,threshold_dp
Psicologia,2,XGBoost,30,0.408669910389867,0.13717693684692647,0.5254585208515093,0.12133970941404386,0.7440168566510307,0.12789945552091805,0.7448924731182796,0.15112428891314209,0.711400772430184,0.049320857788368366,0.43603574483295854,0.07183650742780985,0.12786944105850206,0.015360612595956509,0.4639298737049103,0.24834047817123656
Psicologia,2,LightGBM,30,0.4092727158320947,0.11461423573885927,0.5539772417125358,0.10897487557241116,0.740506268814363,0.1546721563950974,0.7454301075268818,0.16211727968163175,0.7146093285799167,0.04441430399101132,0.4447422879850714,0.06613622988104427,0.12530606224045493,0.012879087754053517,0.48168498168498164,0.25981508363679806
Psicologia,2,CatBoost,30,0.46218785365549375,0.10106098235521241,0.5857420830895083,0.12507016968728654,0.7829763596069121,0.1128508381959813,0.7841397849462367,0.13254105793446022,0.7195632798573978,0.048395243188942935,0.45997642089595253,0.07907903672653191,0.12457866963790336,0.01601061181765157,0.5568589743589742,0.29248844592207623
Psicologia,2,Comite_Arvores_XGB_LGBM_CatBoost,30,0.436541265592214,0.13280364045198137,0.6350184429047668,0.12535905956341928,0.7808181297293204,0.10089949878419438,0.7846774193548386,0.1181784147117433,0.7385620915032681,0.04787768585863042,0.5351209165104766,0.05563686367520687,0.11866294168812316,0.012170714471749285,0.3902306637151039,0.2249265098340363
