curso,periodo,modelo,n,f1_pos_media,f1_pos_dp,f1_pos_val_media,f1_pos_val_dp,f1_weighted_media,f1_weighted_dp,acuracia_media,acuracia_dp,roc_auc_media,roc_auc_dp,avg_precision_media,avg_precision_dp,brier_cal_media,brier_cal_dp,threshold_media,threshold_dp
Psicologia,4,XGBoost,30,0.41134783837009764,0.12772332149550292,0.6053774439068557,0.16782208286917188,0.8293419451145547,0.11415748101681596,0.8313390313390314,0.12141432694300468,0.7343899782135076,0.05341357617277326,0.3933843023300578,0.08755839031412026,0.09843912471947114,0.01331340456576413,0.49636243482430775,0.3060658111215249
Psicologia,4,LightGBM,30,0.43349386980559906,0.1212163582053595,0.630788854036936,0.15803982105379707,0.8405897175166355,0.08974049217312215,0.8413105413105414,0.1045552993320774,0.7358496732026143,0.05083327118121567,0.3991633032710469,0.1095880415188495,0.09767904291065406,0.01578213701399079,0.5734222259222258,0.27610740151846674
Psicologia,4,CatBoost,30,0.45443229275168373,0.1258191449153678,0.6635727272956375,0.15318009379819017,0.8515489244644582,0.06719194599725345,0.8521367521367523,0.08766831280655774,0.7432244008714597,0.0601714324925333,0.40063517367618057,0.10624153606185803,0.0978380585486718,0.019142786967044224,0.640071329636547,0.2758913554838287
Psicologia,4,Comite_Arvores_XGB_LGBM_CatBoost,30,0.42541711937572674,0.14913555092280154,0.7225060125060127,0.14219874409997205,0.8534841748561636,0.05920836083824896,0.8595441595441595,0.07563606252596833,0.7666013071895424,0.05180801317748972,0.4891072939688344,0.09801229743155382,0.09033445559867584,0.012154065985887842,0.49511995440080475,0.2596167495686831
