curso,periodo,repeticao,modelo,threshold,acuracia,f1_weighted,f1_pos,roc_auc,avg_precision,brier_pre,brier_cal,ratio_pos_weight,seed,tr_n,tr_n0,tr_n1,tr_pos_rate,va_n,va_n0,va_n1,va_pos_rate,te_n,te_n0,te_n1,te_pos_rate,f1_pos_val,w_xgb,w_lgbm,w_cat
Pedagogia,4,6,XGBoost,0.6000000238418579,0.8896551724137931,0.883351732796502,0.7037037037037037,0.8651669496321448,0.7294513184833729,0.10567408908384315,0.09321783148358523,3.6129032258064515,1342,337,264,73,0.2166172106824926,51,40,11,0.21568627450980393,145,114,31,0.21379310344827587,0.7,,,
Pedagogia,4,4,LightGBM,0.25,0.8896551724137931,0.883351732796502,0.7037037037037037,0.8936049801924166,0.7142257914383241,0.10980094777894693,0.10067228324549174,3.6129032258064515,1340,337,264,73,0.2166172106824926,51,40,11,0.21568627450980393,145,114,31,0.21379310344827587,0.5,,,
Pedagogia,4,2,CatBoost,0.5,0.903448275862069,0.8942758620689655,0.72,0.903225806451613,0.799025559363254,0.09746929340032486,0.08104478744056669,3.6129032258064515,1338,337,264,73,0.2166172106824926,51,40,11,0.21568627450980393,145,114,31,0.21379310344827587,0.7,,,
Pedagogia,4,30,Comite_Arvores_XGB_LGBM_CatBoost,0.2696736914895433,0.896551724137931,0.8931244790976999,0.7368421052631579,0.8736559139784946,0.6796119041730043,0.09939909108173373,0.1072584446192262,3.6129032258064515,1366,337,264,73,0.2166172106824926,51,40,11,0.21568627450980393,145,114,31,0.21379310344827587,0.7777777777777778,0.36575192096579945,0.3319429198681205,0.3023051591656098
