curso,periodo,repeticao,modelo,threshold,acuracia,f1_weighted,f1_pos,roc_auc,avg_precision,brier_pre,brier_cal,ratio_pos_weight,seed,tr_n,tr_n0,tr_n1,tr_pos_rate,va_n,va_n0,va_n1,va_pos_rate,te_n,te_n0,te_n1,te_pos_rate,f1_pos_val,w_xgb,w_lgbm,w_cat
Medicina,3,27,XGBoost,0.25,0.9785522788203753,0.9785522788203753,0.6363636363636364,0.8247112004018081,0.4164860552075642,0.019531960264984032,0.022044009131299572,20.0,1363,870,843,27,0.03103448275862069,131,127,4,0.030534351145038167,373,362,11,0.029490616621983913,0.3333333333333333,,,
Medicina,3,9,LightGBM,0.6666666666666666,0.9597855227882037,0.9653700100815902,0.5161290322580645,0.8458061275740834,0.31713380453326834,0.02401059118355454,0.028605618095657925,20.0,1345,870,843,27,0.03103448275862069,131,127,4,0.030534351145038167,373,362,11,0.029490616621983913,0.8888888888888888,,,
Medicina,3,4,CatBoost,0.4444444444444444,0.9490616621983914,0.9571584526857907,0.42424242424242425,0.7974635861376193,0.21320319943278754,0.04596253421822299,0.024459669678615167,20.0,1340,870,843,27,0.03103448275862069,131,127,4,0.030534351145038167,373,362,11,0.029490616621983913,0.6153846153846154,,,
Medicina,3,27,Comite_Arvores_XGB_LGBM_CatBoost,0.14227373068417123,0.9812332439678284,0.9807993590336198,0.6666666666666666,0.9074585635359116,0.48248414469154993,0.023212327337261317,0.022459864845851434,31.130434782608695,1363,870,843,27,0.03103448275862069,131,127,4,0.030534351145038167,373,362,11,0.029490616621983913,0.4,0.36423841059562845,0.4370860927147542,0.1986754966885246
