curso,periodo,repeticao,modelo,threshold,acuracia,f1_weighted,f1_pos,roc_auc,avg_precision,brier_pre,brier_cal,ratio_pos_weight,seed,tr_n,tr_n0,tr_n1,tr_pos_rate,va_n,va_n0,va_n1,va_pos_rate,te_n,te_n0,te_n1,te_pos_rate,f1_pos_val,w_xgb,w_lgbm,w_cat
Enfermagem,3,19,XGBoost,0.4166666567325592,0.8263888888888888,0.8334572227531769,0.6575342465753424,0.8529575892857143,0.6218011209707633,0.10841163663296445,0.11182925369944309,3.492063492063492,1355,333,259,74,0.2222222222222222,50,39,11,0.22,144,112,32,0.2222222222222222,0.5925925925925926,,,
Enfermagem,3,25,LightGBM,0.5,0.8194444444444444,0.8261316872427984,0.6388888888888888,0.861328125,0.6052557834478036,0.14033124366517122,0.1176690092068046,3.492063492063492,1361,333,259,74,0.2222222222222222,50,39,11,0.22,144,112,32,0.2222222222222222,0.5833333333333334,,,
Enfermagem,3,30,CatBoost,0.5,0.8541666666666666,0.8515442574805613,0.6557377049180327,0.8279854910714286,0.6946855181305813,0.14659375620094772,0.10263861387291379,3.492063492063492,1366,333,259,74,0.2222222222222222,50,39,11,0.22,144,112,32,0.2222222222222222,0.5882352941176471,,,
Enfermagem,3,30,Comite_Arvores_XGB_LGBM_CatBoost,0.3799191889583947,0.8680555555555556,0.8639051307987731,0.6779661016949152,0.8477957589285714,0.7547747539304729,0.1318936671825817,0.10148832350015617,3.492063492063492,1366,333,259,74,0.2222222222222222,50,39,11,0.22,144,112,32,0.2222222222222222,0.625,0.32607027773496283,0.32867883995684255,0.3452508823076077
