curso,periodo,repeticao,modelo,threshold,acuracia,f1_weighted,f1_pos,roc_auc,avg_precision,brier_pre,brier_cal,ratio_pos_weight,seed,tr_n,tr_n0,tr_n1,tr_pos_rate,va_n,va_n0,va_n1,va_pos_rate,te_n,te_n0,te_n1,te_pos_rate,f1_pos_val,w_xgb,w_lgbm,w_cat
Engenharia Civil,4,1,XGBoost,0.4545454680919647,0.8786610878661087,0.8802382378750702,0.6741573033707865,0.8380991931656383,0.5748567952117272,0.09989021081859509,0.1009816234344923,4.552941176470588,1337,556,456,100,0.17985611510791366,84,69,15,0.17857142857142858,239,196,43,0.1799163179916318,0.6,,,
Engenharia Civil,4,1,LightGBM,0.3333333333333333,0.8828451882845189,0.880579444820694,0.6585365853658537,0.8620669197911723,0.6495378257184111,0.0968277386271149,0.08780660856440725,4.552941176470588,1337,556,456,100,0.17985611510791366,84,69,15,0.17857142857142858,239,196,43,0.1799163179916318,0.56,,,
Engenharia Civil,4,20,CatBoost,0.4,0.9205020920502092,0.9176773829069788,0.759493670886076,0.869719981015662,0.6780617755077992,0.10248764108437403,0.09119946618720104,4.552941176470588,1356,556,456,100,0.17985611510791366,84,69,15,0.17857142857142858,239,196,43,0.1799163179916318,0.7096774193548387,,,
Engenharia Civil,4,20,Comite_Arvores_XGB_LGBM_CatBoost,0.3384724241803575,0.9205020920502092,0.9185490694647586,0.7654320987654321,0.8640840056953013,0.6785863589297596,0.0957392471127238,0.09060311175970107,4.552941176470588,1356,556,456,100,0.17985611510791366,84,69,15,0.17857142857142858,239,196,43,0.1799163179916318,0.7741935483870968,0.3337197747597039,0.3465551507120002,0.3197250745278454
