curso,periodo,repeticao,modelo,threshold,acuracia,f1_weighted,f1_pos,roc_auc,avg_precision,brier_pre,brier_cal,ratio_pos_weight,seed,tr_n,tr_n0,tr_n1,tr_pos_rate,va_n,va_n0,va_n1,va_pos_rate,te_n,te_n0,te_n1,te_pos_rate,f1_pos_val,w_xgb,w_lgbm,w_cat
Medicina,4,30,XGBoost,0.3333333432674408,0.9812332439678284,0.9797903789199629,0.631578947368421,0.900175791059769,0.6525965138931262,0.015537826160715577,0.01828275828146372,20.0,1366,868,843,25,0.02880184331797235,131,127,4,0.030534351145038167,373,362,11,0.029490616621983913,0.6,,,
Medicina,4,27,LightGBM,0.25,0.9758713136729222,0.9763791638271395,0.6086956521739131,0.8975389251632345,0.5040888492987,0.019684449341445684,0.018260226812036283,20.0,1363,868,843,25,0.02880184331797235,131,127,4,0.030534351145038167,373,362,11,0.029490616621983913,0.5,,,
Medicina,4,3,CatBoost,1.0,0.9812332439678284,0.9807993590336198,0.6666666666666666,0.8702913108990458,0.4717954967284726,0.03552210601358211,0.01904284496958592,20.0,1339,868,843,25,0.02880184331797235,131,127,4,0.030534351145038167,373,362,11,0.029490616621983913,0.8571428571428571,,,
Medicina,4,27,Comite_Arvores_XGB_LGBM_CatBoost,0.25245097717801757,0.9812332439678284,0.9807993590336198,0.6666666666666666,0.8815921647413361,0.5813222496710906,0.0207041336452092,0.01761018720861694,34.095238095238095,1363,868,843,25,0.02880184331797235,131,127,4,0.030534351145038167,373,362,11,0.029490616621983913,0.6,0.3235294117644965,0.3235294117644965,0.35294117647035983
