curso,periodo,repeticao,modelo,threshold,acuracia,f1_weighted,f1_pos,roc_auc,avg_precision,brier_pre,brier_cal,ratio_pos_weight,seed,tr_n,tr_n0,tr_n1,tr_pos_rate,va_n,va_n0,va_n1,va_pos_rate,te_n,te_n0,te_n1,te_pos_rate,f1_pos_val,w_xgb,w_lgbm,w_cat
Sistemas de informação,4,14,XGBoost,0.8333332538604736,0.8666666666666667,0.8669301712779974,0.8695652173913043,0.967,0.9621447634491113,0.126854886071775,0.08213787416047763,1.5,1350,104,45,59,0.5673076923076923,16,7,9,0.5625,45,20,25,0.5555555555555556,0.8235294117647058,,,
Sistemas de informação,4,14,LightGBM,0.8,0.9111111111111111,0.9111111111111111,0.92,0.9369999999999999,0.9152926014782105,0.15473032291758948,0.09073354198306806,1.5,1350,104,45,59,0.5673076923076923,16,7,9,0.5625,45,20,25,0.5555555555555556,0.8235294117647058,,,
Sistemas de informação,4,18,CatBoost,0.6666666666666666,0.8222222222222222,0.8189300411522634,0.8518518518518519,0.874,0.8835350110390678,0.14312210886704488,0.15836494303652182,1.5,1354,104,45,59,0.5673076923076923,16,7,9,0.5625,45,20,25,0.5555555555555556,0.8421052631578947,,,
Sistemas de informação,4,14,Comite_Arvores_XGB_LGBM_CatBoost,0.3747203621420121,0.8444444444444444,0.8374977848662059,0.8771929824561403,0.944,0.9264131518456865,0.1290602923117294,0.08750071890998255,0.76,1350,104,45,59,0.5673076923076923,16,7,9,0.5625,45,20,25,0.5555555555555556,0.8571428571428571,0.3288590604025532,0.3288590604025532,0.34228187919449415
