curso,periodo,repeticao,modelo,threshold,acuracia,f1_weighted,f1_pos,roc_auc,avg_precision,brier_pre,brier_cal,ratio_pos_weight,seed,tr_n,tr_n0,tr_n1,tr_pos_rate,va_n,va_n0,va_n1,va_pos_rate,te_n,te_n0,te_n1,te_pos_rate,f1_pos_val,w_xgb,w_lgbm,w_cat
Engenharia de Produção,4,1,XGBoost,0.5,0.9009009009009009,0.8989296201572415,0.8405797101449275,0.8743608473338202,0.8505480181078386,0.11405452122727494,0.11630933777086855,1.9726027397260273,1337,256,170,86,0.3359375,39,26,13,0.3333333333333333,111,74,37,0.3333333333333333,0.75,,,
Engenharia de Produção,4,19,LightGBM,0.5,0.9009009009009009,0.9023044466082442,0.8607594936708861,0.9322498173849525,0.860562881682817,0.14303398466450834,0.09846983251673429,1.9726027397260273,1355,256,170,86,0.3359375,39,26,13,0.3333333333333333,111,74,37,0.3333333333333333,0.75,,,
Engenharia de Produção,4,19,CatBoost,0.5,0.8648648648648649,0.8660994178235558,0.8051948051948052,0.9099707815924032,0.8412283763808155,0.14426226841107617,0.11025163507260324,1.9726027397260273,1355,256,170,86,0.3359375,39,26,13,0.3333333333333333,111,74,37,0.3333333333333333,0.75,,,
Engenharia de Produção,4,1,Comite_Arvores_XGB_LGBM_CatBoost,0.4447413197860693,0.8828828828828829,0.8805531874585583,0.8115942028985508,0.8867786705624543,0.8780904109164979,0.10868429647100522,0.10433563013780528,1.9726027397260273,1337,256,170,86,0.3359375,39,26,13,0.3333333333333333,111,74,37,0.3333333333333333,0.7692307692307693,0.33155210104430327,0.3400534369685162,0.3283944619867385
