curso,periodo,repeticao,modelo,threshold,acuracia,f1_weighted,f1_pos,roc_auc,avg_precision,brier_pre,brier_cal,ratio_pos_weight,seed,tr_n,tr_n0,tr_n1,tr_pos_rate,va_n,va_n0,va_n1,va_pos_rate,te_n,te_n0,te_n1,te_pos_rate,f1_pos_val,w_xgb,w_lgbm,w_cat
Ciências Biológicas - Bacharelado,2,4,XGBoost,0.5,0.8333333333333334,0.8254049445865304,0.6086956521739131,0.7213883677298311,0.48803418803418797,0.16312439154260827,0.14745252293367223,3.28,1340,126,96,30,0.23809523809523808,19,14,5,0.2631578947368421,54,41,13,0.24074074074074073,0.5454545454545454,,,
Ciências Biológicas - Bacharelado,2,6,LightGBM,0.4444444444444444,0.7037037037037037,0.7242263908930575,0.6190476190476191,0.8161350844277673,0.4556650246305418,0.17011255131828798,0.18268546818503126,3.28,1342,126,96,30,0.23809523809523808,19,14,5,0.2631578947368421,54,41,13,0.24074074074074073,0.6666666666666666,,,
Ciências Biológicas - Bacharelado,2,4,CatBoost,0.5,0.8518518518518519,0.847442680776014,0.6666666666666666,0.8386491557223265,0.6786554948319654,0.1834909028242251,0.13020155131781277,3.28,1340,126,96,30,0.23809523809523808,19,14,5,0.2631578947368421,54,41,13,0.24074074074074073,0.6,,,
Ciências Biológicas - Bacharelado,2,6,Comite_Arvores_XGB_LGBM_CatBoost,0.4638242904835784,0.7407407407407407,0.7594541910331385,0.631578947368421,0.8114446529080677,0.4759624990394221,0.17416741322873577,0.19276710911766345,3.28,1342,126,96,30,0.23809523809523808,19,14,5,0.2631578947368421,54,41,13,0.24074074074074073,0.7692307692307693,0.3255813953486782,0.3255813953486782,0.3488372093021552
