curso,periodo,repeticao,modelo,threshold,acuracia,f1_weighted,f1_pos,roc_auc,avg_precision,brier_pre,brier_cal,ratio_pos_weight,seed,tr_n,tr_n0,tr_n1,tr_pos_rate,va_n,va_n0,va_n1,va_pos_rate,te_n,te_n0,te_n1,te_pos_rate,f1_pos_val,w_xgb,w_lgbm,w_cat
Ciências da Computação - Integral,4,20,XGBoost,0.5,0.8888888888888888,0.8888888888888888,0.875,0.8375000000000001,0.736656746031746,0.15949485089219131,0.13283465742188355,1.5,1356,42,24,18,0.42857142857142855,7,4,3,0.42857142857142855,18,10,8,0.4444444444444444,0.8571428571428571,,,
Ciências da Computação - Integral,4,24,LightGBM,1.0,0.8888888888888888,0.8888888888888888,0.8888888888888888,0.9,0.8,0.09160741774387729,0.16941885465976286,1.5,1360,42,24,18,0.42857142857142855,7,4,3,0.42857142857142855,18,10,8,0.4444444444444444,0.8,,,
Ciências da Computação - Integral,4,2,CatBoost,0.5,0.9444444444444444,0.9446164430684555,0.9411764705882353,0.96875,0.9305555555555556,0.1661121972637901,0.1252590180012971,1.5,1338,42,24,18,0.42857142857142855,7,4,3,0.42857142857142855,18,10,8,0.4444444444444444,0.6666666666666666,,,
Ciências da Computação - Integral,4,14,Comite_Arvores_XGB_LGBM_CatBoost,0.4359999999997908,0.8888888888888888,0.8888888888888888,0.8888888888888888,0.9750000000000001,0.9704861111111112,0.11766102152314131,0.10531343641316301,1.3333333333333333,1350,42,24,18,0.42857142857142855,7,4,3,0.42857142857142855,18,10,8,0.4444444444444444,0.75,0.35999999999982724,0.3199999999998464,0.3199999999998464
