curso,periodo,repeticao,modelo,threshold,acuracia,f1_weighted,f1_pos,roc_auc,avg_precision,brier_pre,brier_cal,ratio_pos_weight,seed,tr_n,tr_n0,tr_n1,tr_pos_rate,va_n,va_n0,va_n1,va_pos_rate,te_n,te_n0,te_n1,te_pos_rate,f1_pos_val,w_xgb,w_lgbm,w_cat
Engenharia Civil,3,6,XGBoost,0.5,0.8938775510204081,0.8920498866213152,0.7111111111111111,0.9011390500752203,0.7315707681574815,0.11870684973610912,0.08162551704893035,4.21505376344086,1342,571,461,110,0.19264448336252188,86,69,17,0.19767441860465115,245,198,47,0.19183673469387755,0.5806451612903226,,,
Engenharia Civil,3,16,LightGBM,0.5,0.889795918367347,0.8863195282391215,0.6896551724137931,0.8660004298302171,0.6222677544690455,0.14355709750787748,0.09794057385919251,4.21505376344086,1352,571,461,110,0.19264448336252188,86,69,17,0.19767441860465115,245,198,47,0.19183673469387755,0.7333333333333333,,,
Engenharia Civil,3,6,CatBoost,0.6,0.8857142857142857,0.8847591997253347,0.6956521739130435,0.9105953148506339,0.7219165776998244,0.11982489139460102,0.08272445615220282,4.21505376344086,1342,571,461,110,0.19264448336252188,86,69,17,0.19767441860465115,245,198,47,0.19183673469387755,0.625,,,
Engenharia Civil,3,15,Comite_Arvores_XGB_LGBM_CatBoost,0.5539978865749884,0.8979591836734694,0.8936908096571963,0.7058823529411765,0.854395013969482,0.6967736483759683,0.11993056066586956,0.09494836092685224,4.21505376344086,1351,571,461,110,0.19264448336252188,86,69,17,0.19767441860465115,245,198,47,0.19183673469387755,0.6896551724137931,0.31607465382283834,0.3467790487656283,0.33714629741102753
