curso,periodo,repeticao,modelo,threshold,acuracia,f1_weighted,f1_pos,roc_auc,avg_precision,brier_pre,brier_cal,ratio_pos_weight,seed,tr_n,tr_n0,tr_n1,tr_pos_rate,va_n,va_n0,va_n1,va_pos_rate,te_n,te_n0,te_n1,te_pos_rate,f1_pos_val,w_xgb,w_lgbm,w_cat
Farmacia,3,12,XGBoost,0.5,0.9019607843137255,0.9031595626022871,0.696969696969697,0.875999273255814,0.7137357451715668,0.0909712678916145,0.0814607357061608,5.296875,1348,475,400,75,0.15789473684210525,72,61,11,0.1527777777777778,204,172,32,0.1568627450980392,0.5,,,
Farmacia,3,12,LightGBM,0.6666666666666666,0.9068627450980392,0.9062585420641687,0.6984126984126984,0.8454760174418605,0.6381634692486634,0.097362198193508,0.08078443995461933,5.296875,1348,475,400,75,0.15789473684210525,72,61,11,0.1527777777777778,204,172,32,0.1568627450980392,0.5882352941176471,,,
Farmacia,3,15,CatBoost,0.75,0.9166666666666666,0.9109108077946605,0.6909090909090909,0.8655523255813954,0.691587826424783,0.11004868853514355,0.06927910591759048,5.296875,1351,475,400,75,0.15789473684210525,72,61,11,0.1527777777777778,204,172,32,0.1568627450980392,0.6666666666666666,,,
Farmacia,3,4,Comite_Arvores_XGB_LGBM_CatBoost,0.22971887717751885,0.9215686274509803,0.9181841012266977,0.7241379310344828,0.9205123546511628,0.7586027496502914,0.08431777497811542,0.07473605143226222,5.296875,1340,475,400,75,0.15789473684210525,72,61,11,0.1527777777777778,204,172,32,0.1568627450980392,0.6923076923076923,0.30923694779100075,0.3373493975901826,0.35341365461828655
