curso,periodo,repeticao,modelo,threshold,acuracia,f1_weighted,f1_pos,roc_auc,avg_precision,brier_pre,brier_cal,ratio_pos_weight,seed,tr_n,tr_n0,tr_n1,tr_pos_rate,va_n,va_n0,va_n1,va_pos_rate,te_n,te_n0,te_n1,te_pos_rate,f1_pos_val,w_xgb,w_lgbm,w_cat
Ciências Economicas - Noturno,4,19,XGBoost,0.5,0.7195121951219512,0.7239243628391341,0.6933333333333334,0.8407051282051282,0.6916343822137296,0.1675105378600062,0.16236854900192893,1.7,1355,191,120,71,0.3717277486910995,29,18,11,0.3793103448275862,82,52,30,0.36585365853658536,0.72,,,
Ciências Economicas - Noturno,4,14,LightGBM,0.4,0.6707317073170732,0.6640962065688727,0.6896551724137931,0.8374999999999999,0.697093490251385,0.16023156590514093,0.15837048140622004,1.7,1350,191,120,71,0.3717277486910995,29,18,11,0.3793103448275862,82,52,30,0.36585365853658536,0.6896551724137931,,,
Ciências Economicas - Noturno,4,4,CatBoost,0.3333333333333333,0.8048780487804879,0.8084365038179256,0.7714285714285715,0.8842948717948718,0.7748729070240699,0.1811482733680653,0.14528041809785058,1.7,1340,191,120,71,0.3717277486910995,29,18,11,0.3793103448275862,82,52,30,0.36585365853658536,0.6666666666666666,,,
Ciências Economicas - Noturno,4,19,Comite_Arvores_XGB_LGBM_CatBoost,0.39084132055359333,0.8048780487804879,0.8070731707317074,0.75,0.8576923076923078,0.7485229944878486,0.16206172551533848,0.15218566418694782,1.7,1355,191,120,71,0.3717277486910995,29,18,11,0.3793103448275862,82,52,30,0.36585365853658536,0.7272727272727273,0.3450479233225184,0.3354632587857817,0.3194888178912207
